phase,category,C,A1_historical_computed_prefill_tok_s,X_r1_computed_prefill_tok_s,X_r2_computed_prefill_tok_s,X_r2_vs_A1_computed_prefill_tok_s_pct,A1_historical_weighted_per_request_decode_tok_s,X_r1_weighted_per_request_decode_tok_s,X_r2_weighted_per_request_decode_tok_s,X_r2_vs_A1_weighted_per_request_decode_tok_s_pct,A1_historical_draft_acceptance,X_r1_draft_acceptance,X_r2_draft_acceptance,X_r2_vs_A1_draft_acceptance_pct,A1_historical_aggregate_wall_s,X_r1_aggregate_wall_s,X_r2_aggregate_wall_s,X_r2_vs_A1_aggregate_wall_s_pct
cold,code,1,1030.9249713940262,1065.6179129281118,1020.7231823580584,-0.9895762852822232,48.44677758479499,53.35074956350041,60.882687440693424,25.669219865309366,0.488,0.6711864406779661,0.6827586206896552,39.90955342001132,23.14022603596095,22.087036757962778,22.23947886005044,-3.8925599711545966
cold,code,2,1244.195995696478,1149.628858542874,1157.536279712029,-6.965117737413906,22.651731987303485,21.839651683284714,21.44008859687695,-5.349009917235781,0.5529411764705883,0.6062992125984252,0.5686567164179105,2.8421721181327353,30.781618768931367,32.14366655505728,32.78634572494775,6.512740512658821
cold,code,3,1165.2547681905207,1072.7956225318892,1121.9371512868256,-3.717437429667114,13.065683609607845,12.360596528256764,12.855200911889401,-1.6109581710953558,0.5162790697674419,0.5018181818181818,0.5120370370370371,-0.8216549883216517,44.78899056708906,47.72308120096568,46.0163641711697,2.740346653363779
cold,code,4,1126.5661646164501,1028.8287250086555,1138.429013777873,1.0530095376565685,10.126974800213057,9.258322070727825,10.209089371159878,0.8108499583221462,0.5706766917293233,0.5195804195804196,0.6192,8.502766798418971,57.832044293987565,62.78048629302066,56.11841238010675,-2.9631183452025645
cold,prose,1,1275.1061401115871,1372.0394746272307,1304.7994267603888,2.32869137044569,53.18042887562998,46.178545181536016,61.26527660637206,15.202674934513327,0.5449275362318841,0.42962962962962964,0.65,19.281914893617035,21.711524995043874,21.244560535997152,20.685373538872227,-4.726298389476957
cold,prose,2,1262.6097491323596,1135.870636312758,1113.8675898602244,-11.780533088260082,20.411562851582403,19.23865375477967,18.494682226472477,-9.391150687715811,0.5225352112676056,0.5381294964028777,0.4918918918918919,-5.8643549209586805,35.332814813940786,38.377722446923144,39.69311256008223,12.340646419206491
cold,prose,3,1200.9943947594884,1061.2382867369104,1167.5706662791395,-2.7830045357574162,12.122597379574387,10.956155787150795,11.96469472331285,-1.3025480539969991,0.5027522935779817,0.5,0.48053097345132745,-4.4199341127834195,51.60287173092365,57.17467355495319,52.69248919398524,2.111544234869811
cold,prose,4,1170.2165412783922,1031.4145496408569,1164.1618608413014,-0.5173982954023604,8.07768255301318,7.188397937775261,7.982372784332532,-1.1799147596496584,0.538135593220339,0.5350210970464135,0.5404255319148936,0.42553191489360653,67.97029358299915,76.37488329201005,68.24047903507017,0.39750520091705877
hot,code,1,503.9494948413313,467.4291659735055,485.96259250821015,-3.5691874914537403,67.43509272593296,64.88490219422515,63.758344222921075,-5.452277670848293,0.7660377358490567,0.7142857142857143,0.7142857142857143,-6.7558057705841,4.20790258096531,4.384911251021549,4.442013096995652,5.563591635637044
hot,code,2,444.87056281252194,437.4859380649317,452.30295851831244,1.6706872351369029,40.23753959267375,41.98232909984528,37.27104757732233,-7.3724488260995535,0.5420289855072464,0.5803030303030303,0.49594594594594593,-8.50195114900998,7.70437263592612,7.389832254033536,7.645985019160435,-0.7578503730909736
hot,code,3,395.7460157954883,398.6874669061974,393.9739343118137,-0.4477825203401009,30.398943430309252,32.82759505167689,33.952348618635014,11.689239122642793,0.4968325791855204,0.5533980582524272,0.5458937198067633,9.874783312654545,10.082476901006885,9.393851443892345,9.226657588034868,-8.488185208602362
hot,code,4,337.179709384449,339.2883439416391,337.0381937676711,-0.04197038340065795,28.06275044324274,26.786357609681453,29.074171345521272,3.604140315198756,0.539568345323741,0.5017064846416383,0.5243816254416961,-2.8146054181389824,10.637078566942364,10.729763387003914,10.640419506002218,0.031408427030288344
hot,prose,1,374.200444621813,370.0396772790126,371.02467349053325,-0.8486818166368981,46.675969304879814,50.98632041999902,48.86790149342087,4.6960614234354825,0.45384615384615384,0.523943661971831,0.48,5.762711864406778,5.814877563039772,5.353218992007896,5.569691966986284,-4.216522074547613
hot,prose,2,374.27603428914665,374.88305071600485,365.7597713732998,-2.2753962678966455,41.176149145040625,36.79342727585308,42.452413693954945,3.099523815155103,0.5686567164179105,0.5111111111111111,0.5816793893129771,2.2900763358778553,7.074102271930315,7.654563126037829,6.720779049908742,-4.9946015542288835
hot,prose,3,316.3876495521202,321.4812162475548,334.4826991668116,5.719265477115432,29.656787238688718,30.25008967777759,32.76505996140348,10.480814046707888,0.49636363636363634,0.48660714285714285,0.5323809523809524,7.2562358276644146,9.85018857207615,9.402132779010572,8.809851418016478,-10.56159632323056
hot,prose,4,258.82449628399723,254.18824002647597,263.5559386995646,1.8280504679803355,26.97886153014562,29.667102267326214,29.185162206464778,8.177886505158426,0.5047272727272727,0.5350943396226415,0.5414448669201521,7.274739483459536,11.325593838933855,10.728025558055378,10.186432548100129,-10.058291927418816
