phase,category,C,metric,A1,X,change_pct
cold,code,1,end_to_end_tok_s,11.062986143789802,11.590509075768498,4.7683593301327765
cold,code,1,weighted_per_request_decode_tok_s,48.44677758479499,53.35074956350041,10.122390431689986
cold,code,1,computed_prefill_tok_s,1030.9249713940262,1065.6179129281118,3.3652246765517146
cold,code,1,draft_acceptance,0.488,0.6711864406779661,37.53820505696026
cold,prose,1,end_to_end_tok_s,11.790972769459426,12.05014335628309,2.1980424507039853
cold,prose,1,weighted_per_request_decode_tok_s,53.18042887562998,46.178545181536016,-13.166279103293554
cold,prose,1,computed_prefill_tok_s,1275.1061401115871,1372.0394746272307,7.601981628538046
cold,prose,1,draft_acceptance,0.5449275362318841,0.42962962962962964,-21.158392434988183
cold,code,2,end_to_end_tok_s,16.633303265933954,15.928487782282733,-4.237375296912472
cold,code,2,weighted_per_request_decode_tok_s,22.651731987303485,21.839651683284714,-3.585069364558746
cold,code,2,computed_prefill_tok_s,1244.195995696478,1149.628858542874,-7.600662394084212
cold,code,2,draft_acceptance,0.5529411764705883,0.6062992125984252,9.649857597587541
cold,prose,2,end_to_end_tok_s,14.490778691031068,13.341073084993571,-7.934049857162584
cold,prose,2,weighted_per_request_decode_tok_s,20.411562851582403,19.23865375477967,-5.746297357685204
cold,prose,2,computed_prefill_tok_s,1262.6097491323596,1135.870636312758,-10.037869017461187
cold,prose,2,draft_acceptance,0.5225352112676056,0.5381294964028777,2.9843510636234916
cold,code,3,end_to_end_tok_s,17.147070971595557,16.092841884326184,-6.1481584173514126
cold,code,3,weighted_per_request_decode_tok_s,13.065683609607845,12.360596528256764,-5.396480600774655
cold,code,3,computed_prefill_tok_s,1165.2547681905207,1072.7956225318892,-7.934672157764078
cold,code,3,draft_acceptance,0.5162790697674419,0.5018181818181818,-2.8009828009827986
cold,prose,3,end_to_end_tok_s,14.882892642189264,13.43252094411768,-9.745227174186176
cold,prose,3,weighted_per_request_decode_tok_s,12.122597379574387,10.956155787150795,-9.622043493657173
cold,prose,3,computed_prefill_tok_s,1200.9943947594884,1061.2382867369104,-11.636699441096532
cold,prose,3,draft_acceptance,0.5027522935779817,0.5,-0.5474452554744547
cold,code,4,end_to_end_tok_s,17.706446529791076,16.310800703591216,-7.882133910108324
cold,code,4,weighted_per_request_decode_tok_s,10.126974800213057,9.258322070727825,-8.577613222331282
cold,code,4,computed_prefill_tok_s,1126.5661646164501,1028.8287250086555,-8.675694573258397
cold,code,4,draft_acceptance,0.5706766917293233,0.5195804195804196,-8.95362871647457
cold,prose,4,end_to_end_tok_s,12.79970931621231,11.391179436224617,-11.00438959347012
cold,prose,4,weighted_per_request_decode_tok_s,8.07768255301318,7.188397937775261,-11.009155279396222
cold,prose,4,computed_prefill_tok_s,1170.2165412783922,1031.4145496408569,-11.861222837091534
cold,prose,4,draft_acceptance,0.538135593220339,0.5350210970464135,-0.5787567693278817
hot,code,1,end_to_end_tok_s,60.837910354206095,58.38202539227217,-4.036767449170176
hot,code,1,weighted_per_request_decode_tok_s,67.43509272593296,64.88490219422515,-3.7816964856446478
hot,code,1,computed_prefill_tok_s,503.9494948413313,467.4291659735055,-7.246823191939933
hot,code,1,draft_acceptance,0.7660377358490567,0.7142857142857143,-6.7558057705841
hot,prose,1,end_to_end_tok_s,44.02500262897608,47.82169389711049,8.62394330814993
hot,prose,1,weighted_per_request_decode_tok_s,46.675969304879814,50.98632041999902,9.234625824189525
hot,prose,1,computed_prefill_tok_s,374.200444621813,370.0396772790126,-1.1119087116546522
hot,prose,1,draft_acceptance,0.45384615384615384,0.523943661971831,15.44521365481022
hot,code,2,end_to_end_tok_s,66.45576793787234,69.28438730399313,4.25639407066245
hot,code,2,weighted_per_request_decode_tok_s,40.23753959267375,41.98232909984528,4.336223150903629
hot,code,2,computed_prefill_tok_s,444.87056281252194,437.4859380649317,-1.65994906493786
hot,code,2,draft_acceptance,0.5420289855072464,0.5803030303030303,7.061254253767624
hot,prose,2,end_to_end_tok_s,72.37667485125151,66.8882066251928,-7.583200302222515
hot,prose,2,weighted_per_request_decode_tok_s,41.176149145040625,36.79342727585308,-10.643836201752777
hot,prose,2,computed_prefill_tok_s,374.27603428914665,374.88305071600485,0.16218415587605506
hot,prose,2,draft_acceptance,0.5686567164179105,0.5111111111111111,-10.11956838728494
hot,code,3,end_to_end_tok_s,76.17175893785621,81.75560414033745,7.330597691772822
hot,code,3,weighted_per_request_decode_tok_s,30.398943430309252,32.82759505167689,7.989263268098168
hot,code,3,computed_prefill_tok_s,395.7460157954883,398.6874669061974,0.7432673970947157
hot,code,3,draft_acceptance,0.4968325791855204,0.5533980582524272,11.385219375033163
hot,prose,3,end_to_end_tok_s,77.9680504977507,81.68359435579255,4.765469746032758
hot,prose,3,weighted_per_request_decode_tok_s,29.656787238688718,30.25008967777759,2.0005620781299083
hot,prose,3,computed_prefill_tok_s,316.3876495521202,321.4812162475548,1.6099132512426007
hot,prose,3,draft_acceptance,0.49636363636363634,0.48660714285714285,-1.9655939298796388
hot,code,4,end_to_end_tok_s,96.2670336178921,95.43546889769141,-0.8638104748312614
hot,code,4,weighted_per_request_decode_tok_s,28.06275044324274,26.786357609681453,-4.548352579134429
hot,code,4,computed_prefill_tok_s,337.179709384449,339.2883439416391,0.625374095327258
hot,code,4,draft_acceptance,0.539568345323741,0.5017064846416383,-7.0170648464163765
hot,prose,4,end_to_end_tok_s,85.55842755625586,90.32416960196414,5.570160861797913
hot,prose,4,weighted_per_request_decode_tok_s,26.97886153014562,29.667102267326214,9.964248247379937
hot,prose,4,computed_prefill_tok_s,258.82449628399723,254.18824002647597,-1.7912741352094086
hot,prose,4,draft_acceptance,0.5047272727272727,0.5350943396226415,6.01652982437062
