version,category,C,decode_tps,aggregate_output_tps,complete,cache_verified
0.8.9X11,code,1,65.29401717132006,59.10687845718147,True,True
0.8.9X11,prose,1,55.64608211933873,51.958734898552834,True,True
0.8.9X11,code,3,37.909545862887654,90.77779590463358,True,True
0.8.9X11,prose,3,33.508227164563124,90.15982315359115,True,True
0.8.9X11a,code,1,67.02139129132217,60.380274927797146,True,True
0.8.9X11a,prose,1,52.65625832023688,49.16518233014394,True,True
0.8.9X11a,code,3,34.04914122076267,90.01440251443826,True,True
0.8.9X11a,prose,3,33.77371961314095,89.14822754087945,True,True
0.8.9X11b,code,1,67.44663579287922,60.95230734613986,True,True
0.8.9X11b,prose,1,47.68814140976517,44.82171746280778,True,True
0.8.9X11b,code,3,35.71435347570761,87.4084449833481,True,True
0.8.9X11b,prose,3,31.50702035685471,86.07553231092946,True,True
0.8.9X11c,code,1,65.50365300873628,59.279231994695195,True,True
0.8.9X11c,prose,1,54.848544957065485,51.031383631843234,True,True
0.8.9X11c,code,3,37.64074480209495,93.93092305461582,True,True
0.8.9X11c,prose,3,34.298550417161096,92.40441309306367,True,True
0.8.9X11d,code,1,65.19329261464213,58.98646136369743,True,True
0.8.9X11d,prose,1,50.6055499545894,47.51322417946925,True,True
0.8.9X11d,code,3,35.37645292174524,82.90029143719643,True,True
0.8.9X11d,prose,3,34.439740239360944,91.35101468845727,True,True
0.8.9X11e,code,1,59.39948136164968,54.16312559770837,True,True
0.8.9X11e,prose,1,48.624285162341316,45.73388925937229,True,True
0.8.9X11e,code,3,30.277219975021694,76.35851108618242,True,True
0.8.9X11e,prose,3,28.59386152176975,77.89942937533972,True,True
